iter	Passed	Remaining
<<<<<<< HEAD
0	36	12880
1	68	11971
2	96	11213
3	121	10473
4	144	9989
5	167	9621
6	190	9350
7	215	9204
8	238	9027
9	261	8891
10	283	8742
11	307	8663
12	330	8576
13	353	8484
14	376	8401
15	401	8379
16	433	8496
17	463	8542
18	490	8550
19	514	8486
20	539	8452
21	564	8412
22	588	8367
23	612	8317
24	635	8266
25	660	8237
26	684	8188
27	710	8168
28	735	8141
29	758	8094
30	783	8057
31	808	8039
32	836	8039
33	860	8001
34	885	7970
35	909	7935
36	934	7905
37	959	7877
38	984	7849
39	1009	7825
40	1038	7825
41	1063	7798
42	1088	7774
43	1114	7747
44	1139	7726
45	1164	7695
46	1190	7676
47	1217	7660
48	1243	7641
49	1270	7623
50	1297	7605
51	1323	7587
52	1348	7558
53	1375	7539
54	1400	7511
55	1424	7476
56	1451	7459
57	1477	7436
58	1502	7412
59	1526	7376
60	1551	7351
61	1575	7316
62	1599	7288
63	1625	7265
64	1650	7237
65	1674	7204
66	1698	7174
67	1724	7149
68	1747	7118
69	1775	7101
70	1799	7071
71	1824	7044
72	1846	7007
73	1871	6981
74	1898	6960
75	1925	6941
76	1951	6919
77	1978	6898
78	2004	6876
79	2030	6854
80	2055	6826
81	2079	6795
82	2104	6769
83	2128	6740
84	2152	6712
85	2176	6680
86	2200	6652
87	2224	6624
88	2249	6595
89	2272	6564
90	2297	6537
91	2322	6513
92	2345	6481
93	2369	6452
94	2391	6420
95	2417	6395
96	2442	6371
97	2468	6346
98	2494	6323
99	2521	6304
100	2551	6289
101	2579	6272
102	2605	6248
103	2630	6221
104	2653	6192
105	2678	6166
106	2702	6138
107	2726	6109
108	2752	6085
109	2777	6059
110	2801	6032
111	2829	6012
112	2855	5988
113	2886	5974
114	2913	5952
115	2937	5925
116	2962	5899
117	2986	5872
118	3012	5848
119	3037	5821
120	3064	5799
121	3090	5774
122	3114	5748
123	3138	5720
124	3163	5695
125	3188	5668
126	3213	5642
127	3241	5622
128	3266	5595
129	3291	5569
130	3316	5543
131	3341	5518
132	3368	5495
133	3394	5472
134	3419	5445
135	3444	5419
136	3468	5392
137	3495	5370
138	3520	5344
139	3545	5318
140	3570	5292
141	3595	5266
142	3621	5242
143	3646	5216
144	3673	5193
145	3698	5168
146	3724	5143
147	3749	5117
148	3775	5092
149	3800	5067
150	3826	5043
151	3854	5020
152	3880	4997
153	3907	4972
154	3934	4949
155	3961	4925
156	3990	4905
157	4018	4883
158	4045	4859
159	4070	4833
160	4095	4807
161	4120	4781
162	4147	4758
163	4173	4733
164	4198	4707
165	4223	4681
166	4250	4658
167	4276	4633
168	4304	4609
169	4330	4584
170	4353	4557
171	4377	4529
172	4399	4501
173	4426	4477
174	4453	4453
175	4477	4427
176	4502	4400
177	4526	4374
178	4549	4346
179	4573	4319
180	4600	4295
181	4632	4275
182	4662	4255
183	4692	4233
184	4718	4208
185	4743	4182
186	4767	4155
187	4793	4130
188	4818	4104
189	4843	4078
190	4868	4052
191	4891	4024
192	4914	3997
193	4940	3973
194	4964	3946
195	4989	3919
196	5012	3892
197	5036	3866
198	5060	3839
199	5084	3813
200	5107	3785
201	5130	3758
202	5153	3731
203	5179	3706
204	5203	3680
205	5227	3653
206	5253	3629
207	5279	3604
208	5304	3578
209	5328	3552
210	5352	3526
211	5376	3500
212	5400	3473
213	5425	3448
214	5449	3421
215	5473	3395
216	5499	3370
217	5526	3346
218	5552	3321
219	5578	3296
220	5601	3269
221	5626	3244
222	5649	3217
223	5676	3192
224	5700	3167
225	5725	3141
226	5748	3115
227	5773	3089
228	5797	3063
229	5820	3036
230	5844	3010
231	5868	2984
232	5896	2960
233	5922	2936
234	5947	2910
235	5971	2884
236	5995	2858
237	6018	2832
238	6042	2806
239	6068	2781
240	6092	2755
241	6116	2729
242	6141	2704
243	6167	2679
244	6194	2654
245	6221	2630
246	6249	2605
247	6274	2580
248	6300	2555
249	6327	2531
250	6352	2505
251	6376	2479
252	6399	2453
253	6424	2428
254	6447	2402
255	6472	2376
256	6499	2351
257	6524	2326
258	6550	2301
259	6576	2276
260	6602	2251
261	6628	2226
262	6652	2200
263	6675	2174
264	6701	2149
265	6730	2125
266	6760	2101
267	6790	2077
268	6819	2053
269	6848	2029
270	6872	2003
271	6901	1979
272	6926	1953
273	6952	1928
274	6979	1903
275	7004	1877
276	7029	1852
277	7053	1826
278	7079	1801
279	7107	1776
280	7135	1752
281	7164	1727
282	7193	1703
283	7223	1678
284	7250	1653
285	7277	1628
286	7304	1603
287	7328	1577
288	7353	1552
289	7379	1526
290	7410	1502
291	7436	1477
292	7463	1451
293	7489	1426
294	7514	1400
295	7537	1375
296	7562	1349
297	7586	1323
298	7609	1297
299	7631	1271
300	7655	1246
301	7678	1220
302	7705	1195
303	7728	1169
304	7752	1143
305	7778	1118
306	7802	1092
307	7827	1067
308	7854	1042
309	7877	1016
310	7904	991
311	7929	965
312	7954	940
313	7980	914
314	8006	889
315	8031	864
316	8054	838
317	8079	812
318	8104	787
319	8128	762
320	8151	736
321	8178	711
322	8202	685
323	8228	660
324	8251	634
325	8278	609
326	8305	584
327	8335	559
328	8365	533
329	8398	509
330	8429	483
331	8457	458
332	8486	433
333	8515	407
334	8540	382
335	8564	356
336	8588	331
337	8612	305
338	8638	280
339	8661	254
340	8686	229
341	8711	203
342	8733	178
343	8758	152
344	8781	127
345	8811	101
346	8843	76
347	8873	50
348	8902	25
349	8927	0
=======
0	111	38936
1	145	25270
2	174	20205
3	202	17503
4	231	15943
5	259	14884
6	286	14050
7	314	13432
8	343	12998
9	377	12820
10	400	12339
11	426	12016
12	456	11833
13	490	11783
14	519	11591
15	550	11491
16	589	11541
17	616	11368
18	640	11157
19	667	11006
20	693	10864
21	717	10696
22	743	10571
23	766	10412
24	799	10392
25	831	10359
26	861	10308
27	891	10254
28	923	10220
29	949	10129
30	971	9993
31	994	9885
32	1018	9785
33	1044	9706
34	1079	9712
35	1113	9709
36	1148	9715
37	1179	9684
38	1211	9664
39	1236	9579
40	1257	9474
41	1277	9366
42	1298	9273
43	1323	9202
44	1346	9128
45	1374	9082
46	1397	9006
47	1420	8939
48	1442	8863
49	1466	8796
50	1488	8723
51	1509	8649
52	1531	8580
53	1554	8521
54	1581	8482
55	1613	8472
56	1643	8448
57	1671	8415
58	1696	8367
59	1720	8313
60	1742	8255
61	1767	8210
62	1790	8157
63	1812	8100
64	1837	8055
65	1874	8065
66	1902	8034
67	1930	8006
68	1970	8025
69	2005	8021
70	2035	7998
71	2058	7947
72	2084	7908
73	2107	7859
74	2132	7820
75	2156	7775
76	2179	7727
77	2201	7677
78	2223	7627
79	2265	7647
80	2295	7622
81	2323	7594
82	2356	7580
83	2392	7576
84	2429	7575
85	2457	7543
86	2484	7510
87	2511	7476
88	2536	7438
89	2564	7408
90	2590	7371
91	2617	7339
92	2649	7320
93	2689	7324
94	2735	7341
95	2768	7324
96	2801	7307
97	2830	7279
98	2858	7247
99	2888	7220
100	2914	7184
101	2943	7157
102	2970	7124
103	2999	7094
104	3028	7066
105	3054	7031
106	3081	6998
107	3107	6963
108	3131	6924
109	3158	6890
110	3187	6863
111	3220	6843
112	3266	6851
113	3315	6863
114	3357	6861
115	3398	6856
116	3521	7013
117	3556	6993
118	3585	6959
119	3618	6935
120	3652	6911
121	3686	6889
122	3715	6857
123	3747	6829
124	3786	6814
125	3821	6793
126	3849	6759
127	3878	6726
128	3904	6689
129	3932	6655
130	3959	6619
131	3986	6583
132	4014	6549
133	4047	6524
134	4093	6519
135	4131	6501
136	4160	6468
137	4187	6433
138	4213	6395
139	4239	6359
140	4263	6319
141	4287	6280
142	4315	6246
143	4339	6207
144	4365	6172
145	4394	6140
146	4425	6111
147	4464	6093
148	4488	6054
149	4516	6022
150	4539	5982
151	4563	5944
152	4586	5905
153	4612	5870
154	4640	5837
155	4675	5813
156	4714	5795
157	4758	5782
158	4798	5764
159	4834	5740
160	4868	5714
161	4898	5685
162	4932	5659
163	4974	5641
164	5009	5616
165	5041	5587
166	5071	5556
167	5103	5529
168	5138	5503
169	5163	5466
170	5185	5428
171	5211	5392
172	5240	5361
173	5273	5333
174	5300	5300
175	5331	5270
176	5366	5245
177	5403	5221
178	5432	5189
179	5460	5156
180	5485	5121
181	5513	5089
182	5540	5056
183	5564	5020
184	5594	4989
185	5620	4955
186	5651	4926
187	5679	4893
188	5711	4865
189	5741	4834
190	5768	4802
191	5796	4770
192	5821	4735
193	5846	4701
194	5872	4667
195	5906	4640
196	5930	4605
197	5958	4574
198	5986	4542
199	6016	4512
200	6046	4482
201	6080	4454
202	6112	4426
203	6143	4396
204	6220	4399
205	6277	4387
206	6306	4356
207	6329	4321
208	6357	4288
209	6382	4255
210	6408	4221
211	6437	4190
212	6470	4161
213	6497	4129
214	6530	4100
215	6556	4067
216	6579	4032
217	6600	3996
218	6623	3961
219	6647	3927
220	6670	3893
221	6693	3859
222	6716	3825
223	6743	3793
224	6777	3765
225	6809	3736
226	6842	3707
227	6867	3674
228	6892	3641
229	6915	3608
230	6938	3574
231	6960	3540
232	6988	3509
233	7017	3478
234	7042	3446
235	7071	3415
236	7113	3391
237	7138	3359
238	7169	3329
239	7204	3302
240	7241	3275
241	7270	3244
242	7297	3213
243	7321	3180
244	7350	3150
245	7374	3117
246	7401	3086
247	7429	3055
248	7453	3023
249	7479	2991
250	7506	2960
251	7538	2931
252	7565	2900
253	7588	2868
254	7611	2835
255	7635	2803
256	7660	2771
257	7683	2739
258	7708	2708
259	7733	2676
260	7759	2646
261	7783	2614
262	7809	2583
263	7837	2553
264	7863	2522
265	7890	2491
266	7914	2460
267	7941	2429
268	7967	2399
269	7998	2369
270	8033	2341
271	8064	2312
272	8089	2281
273	8112	2250
274	8135	2218
275	8160	2187
276	8184	2156
277	8211	2126
278	8242	2097
279	8270	2067
280	8299	2037
281	8338	2010
282	8364	1980
283	8393	1950
284	8417	1919
285	8441	1889
286	8465	1858
287	8489	1827
288	8515	1797
289	8539	1766
290	8562	1736
291	8585	1705
292	8610	1675
293	8634	1644
294	8656	1613
295	8676	1582
296	8700	1552
297	8727	1522
298	8754	1493
299	8784	1464
300	8819	1435
301	8858	1407
302	8889	1378
303	8923	1350
304	8954	1321
305	8989	1292
306	9019	1263
307	9047	1233
308	9071	1203
309	9100	1174
310	9123	1144
311	9148	1114
312	9172	1084
313	9202	1055
314	9231	1025
315	9261	996
316	9289	967
317	9316	937
318	9350	908
319	9379	879
320	9405	849
321	9433	820
322	9457	790
323	9480	760
324	9504	731
325	9527	701
326	9550	671
327	9572	642
328	9595	612
329	9618	582
330	9639	553
331	9663	523
332	9684	494
333	9707	465
334	9730	435
335	9755	406
336	9777	377
337	9800	347
338	9825	318
339	9848	289
340	9871	260
341	9898	231
342	9921	202
343	9946	173
344	9971	144
345	9994	115
346	10019	86
347	10044	57
348	10065	28
349	10091	0
>>>>>>> origin/main
